First Name,Last Name,Date of Birth,Address,Phone Number,Email,Password,ID Number,Checking Account Number,Checking Account Balance,Savings Account Number,Savings Account Balance,Credit Account Number,Credit Account Balance,Credit Account Limit
Daniel,F,"July 15 1940","500 W. University Ave El Paso TX 79968",(915) 747-5051,DanielF@disney.com,F*Daniel!987,88,1087,1102.06,2087,4254.63,3087,-1747.66,9042.0
First Name,Last Name,Date of Birth,Address,Phone Number,Email,Password,ID Number,Checking Account Number,Checking Account Balance,Savings Account Number,Savings Account Balance,Credit Account Number,Credit Account Balance,Credit Account Limit
Daniel,G,"October 17 1961","500 W. University Ave El Paso TX 79968",(915) 747-5052,DanielG@disney.com,G*Daniel!987,89,1088,1634.77,2088,2529.43,3088,-999.57,7207.0
First Name,Last Name,Date of Birth,Address,Phone Number,Email,Password,ID Number,Checking Account Number,Checking Account Balance,Savings Account Number,Savings Account Balance,Credit Account Number,Credit Account Balance,Credit Account Limit
Daniel,H,"July 27 2009","500 W. University Ave El Paso TX 79968",(915) 747-5053,DanielH@disney.com,H*Daniel!987,90,1089,1339.48,2089,3040.89,3089,-1689.39,9798.0
First Name,Last Name,Date of Birth,Address,Phone Number,Email,Password,ID Number,Checking Account Number,Checking Account Balance,Savings Account Number,Savings Account Balance,Credit Account Number,Credit Account Balance,Credit Account Limit
Daniel,I,"October 31 1933","500 W. University Ave El Paso TX 79968",(915) 747-5054,DanielI@disney.com,I*Daniel!987,91,1090,1238.97,2090,4566.66,3090,-1898.03,6513.0
First Name,Last Name,Date of Birth,Address,Phone Number,Email,Password,ID Number,Checking Account Number,Checking Account Balance,Savings Account Number,Savings Account Balance,Credit Account Number,Credit Account Balance,Credit Account Limit
Daniel,J,"February 15 2005","500 W. University Ave El Paso TX 79968",(915) 747-5055,DanielJ@disney.com,J*Daniel!987,92,1091,317.72,2091,1518.04,3091,-1113.22,3023.0
First Name,Last Name,Date of Birth,Address,Phone Number,Email,Password,ID Number,Checking Account Number,Checking Account Balance,Savings Account Number,Savings Account Balance,Credit Account Number,Credit Account Balance,Credit Account Limit
Daniel,K,"February 7 2015","500 W. University Ave El Paso TX 79968",(915) 747-5056,DanielK@disney.com,K*Daniel!987,93,1092,436.75,2092,2283.15,3092,-121.69,3159.0
First Name,Last Name,Date of Birth,Address,Phone Number,Email,Password,ID Number,Checking Account Number,Checking Account Balance,Savings Account Number,Savings Account Balance,Credit Account Number,Credit Account Balance,Credit Account Limit
Daniel,L,"February 4 1982","500 W. University Ave El Paso TX 79968",(915) 747-5057,DanielL@disney.com,L*Daniel!987,94,1093,707.79,2093,4280.8,3093,-459.68,5195.0
First Name,Last Name,Date of Birth,Address,Phone Number,Email,Password,ID Number,Checking Account Number,Checking Account Balance,Savings Account Number,Savings Account Balance,Credit Account Number,Credit Account Balance,Credit Account Limit
Daniel,N,"July 28 1998","500 W. University Ave El Paso TX 79968",(915) 747-5058,DanielN@disney.com,N*Daniel!987,95,1094,1310.9,2094,1494.58,3094,-86.54,7530.0
First Name,Last Name,Date of Birth,Address,Phone Number,Email,Password,ID Number,Checking Account Number,Checking Account Balance,Savings Account Number,Savings Account Balance,Credit Account Number,Credit Account Balance,Credit Account Limit
Daniel,O,"January 20 1961","500 W. University Ave El Paso TX 79968",(915) 747-5059,DanielO@disney.com,O*Daniel!987,96,1095,1833.95,2095,4261.12,3095,-1729.95,6599.0
First Name,Last Name,Date of Birth,Address,Phone Number,Email,Password,ID Number,Checking Account Number,Checking Account Balance,Savings Account Number,Savings Account Balance,Credit Account Number,Credit Account Balance,Credit Account Limit
Daniel,P,"July 29 1932","500 W. University Ave El Paso TX 79968",(915) 747-5060,DanielP@disney.com,P*Daniel!987,97,1096,1317.93,2096,4025.04,3096,-739.9,4572.0
First Name,Last Name,Date of Birth,Address,Phone Number,Email,Password,ID Number,Checking Account Number,Checking Account Balance,Savings Account Number,Savings Account Balance,Credit Account Number,Credit Account Balance,Credit Account Limit
Daniel,Q,"October 7 1943","500 W. University Ave El Paso TX 79968",(915) 747-5061,DanielQ@disney.com,Q*Daniel!987,98,1097,1494.79,2097,4248.75,3097,-1670.85,7226.0
First Name,Last Name,Date of Birth,Address,Phone Number,Email,Password,ID Number,Checking Account Number,Checking Account Balance,Savings Account Number,Savings Account Balance,Credit Account Number,Credit Account Balance,Credit Account Limit
Jasmine,Disney,"July 1 1980","1313 Disneyland Dr Anaheim CA 92802",(714) 781-4636,JasmineDisney@disney.com,Disney*Jasmine!987,10,1009,1440.21,2009,4121.14,3009,-269.68,4817.0
First Name,Last Name,Date of Birth,Address,Phone Number,Email,Password,ID Number,Checking Account Number,Checking Account Balance,Savings Account Number,Savings Account Balance,Credit Account Number,Credit Account Balance,Credit Account Limit
Aladdin,Disney,"February 19 1928","1313 Disneyland Dr Anaheim CA 92802",(714) 781-4636,AladdinDisney@disney.com,Disney*Aladdin!987,11,1010,1166.11,2010,4607.57,3010,-650.4,4949.0
First Name,Last Name,Date of Birth,Address,Phone Number,Email,Password,ID Number,Checking Account Number,Checking Account Balance,Savings Account Number,Savings Account Balance,Credit Account Number,Credit Account Balance,Credit Account Limit
Daniel,R,"July 12 2007","500 W. University Ave El Paso TX 79968",(915) 747-5062,DanielR@disney.com,R*Daniel!987,99,1098,415.9,2098,1088.44,3098,-1814.13,6361.0
First Name,Last Name,Date of Birth,Address,Phone Number,Email,Password,ID Number,Checking Account Number,Checking Account Balance,Savings Account Number,Savings Account Balance,Credit Account Number,Credit Account Balance,Credit Account Limit
Simba,Disney,"May 14 1953","1313 Disneyland Dr Anaheim CA 92802",(714) 781-4636,SimbaDisney@disney.com,Disney*Simba!987,12,1011,14.55,2011,711.68,3011,-1167.04,6267.0
First Name,Last Name,Date of Birth,Address,Phone Number,Email,Password,ID Number,Checking Account Number,Checking Account Balance,Savings Account Number,Savings Account Balance,Credit Account Number,Credit Account Balance,Credit Account Limit
Mufassa,Disney,"October 13 1964","1313 Disneyland Dr Anaheim CA 92802",(714) 781-4636,MufassaDisney@disney.com,Disney*Mufassa!987,13,1012,846.57,2012,2655.56,3012,-619.2,7272.0
First Name,Last Name,Date of Birth,Address,Phone Number,Email,Password,ID Number,Checking Account Number,Checking Account Balance,Savings Account Number,Savings Account Balance,Credit Account Number,Credit Account Balance,Credit Account Limit
Aurora,Disney,"April 15 2013","1313 Disneyland Dr Anaheim CA 92802",(714) 781-4636,AuroraDisney@disney.com,Disney*Aurora!987,14,1013,1025.01,2013,3179.02,3013,-183.05,3253.0
First Name,Last Name,Date of Birth,Address,Phone Number,Email,Password,ID Number,Checking Account Number,Checking Account Balance,Savings Account Number,Savings Account Balance,Credit Account Number,Credit Account Balance,Credit Account Limit
Peter,Pan,"April 21 1974","1313 Disneyland Dr Anaheim CA 92802",(714) 781-4636,PeterPan@disney.com,Pan*Peter!987,15,1014,555.75,2014,3971.0,3014,-1907.84,3393.0
First Name,Last Name,Date of Birth,Address,Phone Number,Email,Password,ID Number,Checking Account Number,Checking Account Balance,Savings Account Number,Savings Account Balance,Credit Account Number,Credit Account Balance,Credit Account Limit
Woody,Disney,"February 17 1983","1313 Disneyland Dr Anaheim CA 92802",(714) 781-4636,WoodyDisney@disney.com,Disney*Woody!987,16,1015,234.91,2015,2412.03,3015,-1125.79,8710.0
First Name,Last Name,Date of Birth,Address,Phone Number,Email,Password,ID Number,Checking Account Number,Checking Account Balance,Savings Account Number,Savings Account Balance,Credit Account Number,Credit Account Balance,Credit Account Limit
Buzz,Lightyear,"July 24 2016","1313 Disneyland Dr Anaheim CA 92802",(714) 781-4636,BuzzLightyear@disney.com,Lightyear*Buzz!987,17,1016,485.59,2016,4479.46,3016,-1092.58,6262.0
First Name,Last Name,Date of Birth,Address,Phone Number,Email,Password,ID Number,Checking Account Number,Checking Account Balance,Savings Account Number,Savings Account Balance,Credit Account Number,Credit Account Balance,Credit Account Limit
Jafar,Aladdin,"January 14 1968","1313 Disneyland Dr Anaheim CA 92802",(714) 781-4636,JafarAladdin@disney.com,Aladdin*Jafar!987,18,1017,1287.34,2017,4602.46,3017,-1709.0,9165.0
First Name,Last Name,Date of Birth,Address,Phone Number,Email,Password,ID Number,Checking Account Number,Checking Account Balance,Savings Account Number,Savings Account Balance,Credit Account Number,Credit Account Balance,Credit Account Limit
Ursela,Mermaid,"March 29 1946","1313 Disneyland Dr Anaheim CA 92802",(714) 781-4636,UrselaMermaid@disney.com,Mermaid*Ursela!987,19,1018,1593.59,2018,2070.66,3018,-1158.03,8595.0
First Name,Last Name,Date of Birth,Address,Phone Number,Email,Password,ID Number,Checking Account Number,Checking Account Balance,Savings Account Number,Savings Account Balance,Credit Account Number,Credit Account Balance,Credit Account Limit
Mickey,Mouse,"May 15 1935","1313 Disneyland Dr Anaheim CA 92802",(714) 781-4636,MickeyMouse@disney.com,Mouse*Mickey!987,1,1000,2160.12,2000,4788.55,3000,-127.93,9895.0
First Name,Last Name,Date of Birth,Address,Phone Number,Email,Password,ID Number,Checking Account Number,Checking Account Balance,Savings Account Number,Savings Account Balance,Credit Account Number,Credit Account Balance,Credit Account Limit
Donald,Duck,"February 24 1987","1313 Disneyland Dr Anaheim CA 92802",(714) 781-4636,DonaldDuck@disney.com,Duck*Donald!987,2,1001,718.42,2001,2671.68,3001,-1655.49,6723.0
First Name,Last Name,Date of Birth,Address,Phone Number,Email,Password,ID Number,Checking Account Number,Checking Account Balance,Savings Account Number,Savings Account Balance,Credit Account Number,Credit Account Balance,Credit Account Limit
Minnie,Mouse,"July 16 2000","1313 Disneyland Dr Anaheim CA 92802",(714) 781-4636,MinnieMouse@disney.com,Mouse*Minnie!987,3,1002,1070.98,2002,2020.27,3002,-12.25,7630.0
First Name,Last Name,Date of Birth,Address,Phone Number,Email,Password,ID Number,Checking Account Number,Checking Account Balance,Savings Account Number,Savings Account Balance,Credit Account Number,Credit Account Balance,Credit Account Limit
Goofy,Disney,"May 27 1987","1313 Disneyland Dr Anaheim CA 92802",(714) 781-4636,GoofyDisney@disney.com,Disney*Goofy!987,4,1003,413.52,2003,3544.89,3003,-1185.25,6664.0
First Name,Last Name,Date of Birth,Address,Phone Number,Email,Password,ID Number,Checking Account Number,Checking Account Balance,Savings Account Number,Savings Account Balance,Credit Account Number,Credit Account Balance,Credit Account Limit
Pluto,Disney,"July 5 1928","1313 Disneyland Dr Anaheim CA 92802",(714) 781-4636,PlutoDisney@disney.com,Disney*Pluto!987,5,1004,674.86,2004,2622.23,3004,-1876.16,5029.0
First Name,Last Name,Date of Birth,Address,Phone Number,Email,Password,ID Number,Checking Account Number,Checking Account Balance,Savings Account Number,Savings Account Balance,Credit Account Number,Credit Account Balance,Credit Account Limit
Chip,Disney,"January 10 1930","1313 Disneyland Dr Anaheim CA 92802",(714) 781-4636,ChipDisney@disney.com,Disney*Chip!987,6,1005,1982.96,2005,2851.39,3005,-260.34,4287.0
First Name,Last Name,Date of Birth,Address,Phone Number,Email,Password,ID Number,Checking Account Number,Checking Account Balance,Savings Account Number,Savings Account Balance,Credit Account Number,Credit Account Balance,Credit Account Limit
Dale,Disney,"July 30 1935","1313 Disneyland Dr Anaheim CA 92802",(714) 781-4636,DaleDisney@disney.com,Disney*Dale!987,7,1006,553.54,2006,1800.54,3006,-1737.37,9723.0
First Name,Last Name,Date of Birth,Address,Phone Number,Email,Password,ID Number,Checking Account Number,Checking Account Balance,Savings Account Number,Savings Account Balance,Credit Account Number,Credit Account Balance,Credit Account Limit
Cinderella,Disney,"September 30 2000","1313 Disneyland Dr Anaheim CA 92802",(714) 781-4636,CinderellaDisney@disney.com,Disney*Cinderella!987,8,1007,1372.65,2007,1079.31,3007,-365.57,7635.0
First Name,Last Name,Date of Birth,Address,Phone Number,Email,Password,ID Number,Checking Account Number,Checking Account Balance,Savings Account Number,Savings Account Balance,Credit Account Number,Credit Account Balance,Credit Account Limit
Ariel,Disney,"January 20 1975","1313 Disneyland Dr Anaheim CA 92802",(714) 781-4636,ArielDisney@disney.com,Disney*Ariel!987,9,1008,638.35,2008,4056.58,3008,-1078.24,9409.0
First Name,Last Name,Date of Birth,Address,Phone Number,Email,Password,ID Number,Checking Account Number,Checking Account Balance,Savings Account Number,Savings Account Balance,Credit Account Number,Credit Account Balance,Credit Account Limit
Beast,Disney,"December 26 1964","1313 Disneyland Dr Anaheim CA 92802",(714) 781-4636,BeastDisney@disney.com,Disney*Beast!987,20,1019,1031.08,2019,238.46,3019,-950.78,7985.0
First Name,Last Name,Date of Birth,Address,Phone Number,Email,Password,ID Number,Checking Account Number,Checking Account Balance,Savings Account Number,Savings Account Balance,Credit Account Number,Credit Account Balance,Credit Account Limit
Belle,Disney,"March 23 1939","1313 Disneyland Dr Anaheim CA 92802",(714) 781-4636,BelleDisney@disney.com,Disney*Belle!987,21,1020,1334.67,2020,2848.9,3020,-704.51,7792.0
First Name,Last Name,Date of Birth,Address,Phone Number,Email,Password,ID Number,Checking Account Number,Checking Account Balance,Savings Account Number,Savings Account Balance,Credit Account Number,Credit Account Balance,Credit Account Limit
Cruella,De Vil,"April 1 1941","1313 Disneyland Dr Anaheim CA 92802",(714) 781-4636,CruellaDe Vil@disney.com,De Vil*Cruella!987,22,1021,846.96,2021,1170.73,3021,-1025.67,5969.0
First Name,Last Name,Date of Birth,Address,Phone Number,Email,Password,ID Number,Checking Account Number,Checking Account Balance,Savings Account Number,Savings Account Balance,Credit Account Number,Credit Account Balance,Credit Account Limit
Scar,Lion,"November 8 1982","1313 Disneyland Dr Anaheim CA 92802",(714) 781-4636,ScarLion@disney.com,Lion*Scar!987,23,1022,1714.33,2022,1193.79,3022,-984.64,8150.0
First Name,Last Name,Date of Birth,Address,Phone Number,Email,Password,ID Number,Checking Account Number,Checking Account Balance,Savings Account Number,Savings Account Balance,Credit Account Number,Credit Account Balance,Credit Account Limit
Simba,King,"March 24 1972","1313 Disneyland Dr Anaheim CA 92802",(714) 781-4636,SimbaKing@disney.com,King*Simba!987,24,1023,1799.49,2023,2220.43,3023,-1653.74,9941.0
First Name,Last Name,Date of Birth,Address,Phone Number,Email,Password,ID Number,Checking Account Number,Checking Account Balance,Savings Account Number,Savings Account Balance,Credit Account Number,Credit Account Balance,Credit Account Limit
Gaston,Disney,"February 22 1943","1313 Disneyland Dr Anaheim CA 92802",(714) 781-4636,GastonDisney@disney.com,Disney*Gaston!987,25,1024,1395.98,2024,1954.01,3024,-1496.55,4436.0
First Name,Last Name,Date of Birth,Address,Phone Number,Email,Password,ID Number,Checking Account Number,Checking Account Balance,Savings Account Number,Savings Account Balance,Credit Account Number,Credit Account Balance,Credit Account Limit
Shere,Khan,"December 1 1940","1313 Disneyland Dr Anaheim CA 92802",(714) 781-4636,ShereKhan@disney.com,Khan*Shere!987,26,1025,1347.92,2025,1452.4,3025,-233.88,5711.0
First Name,Last Name,Date of Birth,Address,Phone Number,Email,Password,ID Number,Checking Account Number,Checking Account Balance,Savings Account Number,Savings Account Balance,Credit Account Number,Credit Account Balance,Credit Account Limit
Captaiin,Hook,"February 2 1934","1313 Disneyland Dr Anaheim CA 92802",(714) 781-4636,CaptaiinHook@disney.com,Hook*Captaiin!987,27,1026,454.5,2026,4045.09,3026,-1693.27,5319.0
First Name,Last Name,Date of Birth,Address,Phone Number,Email,Password,ID Number,Checking Account Number,Checking Account Balance,Savings Account Number,Savings Account Balance,Credit Account Number,Credit Account Balance,Credit Account Limit
Kaa,Disney,"December 16 1938","1313 Disneyland Dr Anaheim CA 92802",(714) 781-4636,KaaDisney@disney.com,Disney*Kaa!987,28,1027,62.16,2027,751.14,3027,-1931.07,9575.0
First Name,Last Name,Date of Birth,Address,Phone Number,Email,Password,ID Number,Checking Account Number,Checking Account Balance,Savings Account Number,Savings Account Balance,Credit Account Number,Credit Account Balance,Credit Account Limit
Evil,Queen,"October 30 1997","1313 Disneyland Dr Anaheim CA 92802",(714) 781-4636,EvilQueen@disney.com,Queen*Evil!987,29,1028,1115.6,2028,3934.75,3028,-1697.08,8824.0
First Name,Last Name,Date of Birth,Address,Phone Number,Email,Password,ID Number,Checking Account Number,Checking Account Balance,Savings Account Number,Savings Account Balance,Credit Account Number,Credit Account Balance,Credit Account Limit
Pinocchio,Disney,"September 11 1982","1313 Disneyland Dr Anaheim CA 92802",(714) 781-4636,PinocchioDisney@disney.com,Disney*Pinocchio!987,30,1029,1905.38,2029,665.21,3029,-478.74,7762.0
First Name,Last Name,Date of Birth,Address,Phone Number,Email,Password,ID Number,Checking Account Number,Checking Account Balance,Savings Account Number,Savings Account Balance,Credit Account Number,Credit Account Balance,Credit Account Limit
Prince,Eric,"October 12 1990","1313 Disneyland Dr Anaheim CA 92802",(714) 781-4636,PrinceEric@disney.com,Eric*Prince!987,31,1030,1199.92,2030,3225.28,3030,-1227.95,4898.0
First Name,Last Name,Date of Birth,Address,Phone Number,Email,Password,ID Number,Checking Account Number,Checking Account Balance,Savings Account Number,Savings Account Balance,Credit Account Number,Credit Account Balance,Credit Account Limit
Quasimodo,Disney,"October 12 1983","1313 Disneyland Dr Anaheim CA 92802",(714) 781-4636,QuasimodoDisney@disney.com,Disney*Quasimodo!987,32,1031,531.7,2031,1008.64,3031,-530.57,6440.0
First Name,Last Name,Date of Birth,Address,Phone Number,Email,Password,ID Number,Checking Account Number,Checking Account Balance,Savings Account Number,Savings Account Balance,Credit Account Number,Credit Account Balance,Credit Account Limit
Hercules,Disney,"January 18 1985","1313 Disneyland Dr Anaheim CA 92802",(714) 781-4636,HerculesDisney@disney.com,Disney*Hercules!987,33,1032,1027.57,2032,4997.1,3032,-1092.61,8067.0
First Name,Last Name,Date of Birth,Address,Phone Number,Email,Password,ID Number,Checking Account Number,Checking Account Balance,Savings Account Number,Savings Account Balance,Credit Account Number,Credit Account Balance,Credit Account Limit
Mulan,Disney,"August 25 1996","1313 Disneyland Dr Anaheim CA 92802",(714) 781-4636,MulanDisney@disney.com,Disney*Mulan!987,34,1033,708.74,2033,4074.21,3033,-1909.97,4761.0
First Name,Last Name,Date of Birth,Address,Phone Number,Email,Password,ID Number,Checking Account Number,Checking Account Balance,Savings Account Number,Savings Account Balance,Credit Account Number,Credit Account Balance,Credit Account Limit
Lilo,Disney,"November 10 1971","1313 Disneyland Dr Anaheim CA 92802",(714) 781-4636,LiloDisney@disney.com,Disney*Lilo!987,35,1034,1962.25,2034,4196.43,3034,-6.78,8361.0
First Name,Last Name,Date of Birth,Address,Phone Number,Email,Password,ID Number,Checking Account Number,Checking Account Balance,Savings Account Number,Savings Account Balance,Credit Account Number,Credit Account Balance,Credit Account Limit
Stitch,Disney,"April 4 1935","1313 Disneyland Dr Anaheim CA 92802",(714) 781-4636,StitchDisney@disney.com,Disney*Stitch!987,36,1035,1947.61,2035,2782.03,3035,-414.18,4055.0
First Name,Last Name,Date of Birth,Address,Phone Number,Email,Password,ID Number,Checking Account Number,Checking Account Balance,Savings Account Number,Savings Account Balance,Credit Account Number,Credit Account Balance,Credit Account Limit
Ali,Abed,"September 17 1946","500 W. University Ave El Paso TX 79968",(915) 747-5000,AliAbed@disney.com,Abed*Ali!987,37,1036,176.05,2036,483.4,3036,-1129.45,8752.0
First Name,Last Name,Date of Birth,Address,Phone Number,Email,Password,ID Number,Checking Account Number,Checking Account Balance,Savings Account Number,Savings Account Balance,Credit Account Number,Credit Account Balance,Credit Account Limit
Kevin,Acosta,"February 14 1929","500 W. University Ave El Paso TX 79968",(915) 747-5001,KevinAcosta@disney.com,Acosta*Kevin!987,38,1037,1527.15,2037,1796.46,3037,-518.37,5347.0
First Name,Last Name,Date of Birth,Address,Phone Number,Email,Password,ID Number,Checking Account Number,Checking Account Balance,Savings Account Number,Savings Account Balance,Credit Account Number,Credit Account Balance,Credit Account Limit
Antonio,Aguirre,"November 10 1998","500 W. University Ave El Paso TX 79968",(915) 747-5002,AntonioAguirre@disney.com,Aguirre*Antonio!987,39,1038,1081.07,2038,2022.42,3038,-474.31,5214.0
First Name,Last Name,Date of Birth,Address,Phone Number,Email,Password,ID Number,Checking Account Number,Checking Account Balance,Savings Account Number,Savings Account Balance,Credit Account Number,Credit Account Balance,Credit Account Limit
Madison,Anderson,"January 15 1978","500 W. University Ave El Paso TX 79968",(915) 747-5003,MadisonAnderson@disney.com,Anderson*Madison!987,40,1039,1810.81,2039,1991.43,3039,-871.6,4015.0
First Name,Last Name,Date of Birth,Address,Phone Number,Email,Password,ID Number,Checking Account Number,Checking Account Balance,Savings Account Number,Savings Account Balance,Credit Account Number,Credit Account Balance,Credit Account Limit
Kevin,Aofia,"January 12 2012","500 W. University Ave El Paso TX 79968",(915) 747-5004,KevinAofia@disney.com,Aofia*Kevin!987,41,1040,919.95,2040,1724.9,3040,-1549.83,5967.0
First Name,Last Name,Date of Birth,Address,Phone Number,Email,Password,ID Number,Checking Account Number,Checking Account Balance,Savings Account Number,Savings Account Balance,Credit Account Number,Credit Account Balance,Credit Account Limit
Angel,Armendariz,"April 30 1989","500 W. University Ave El Paso TX 79968",(915) 747-5005,AngelArmendariz@disney.com,Armendariz*Angel!987,42,1041,1182.34,2041,3435.35,3041,-1247.97,4191.0
First Name,Last Name,Date of Birth,Address,Phone Number,Email,Password,ID Number,Checking Account Number,Checking Account Balance,Savings Account Number,Savings Account Balance,Credit Account Number,Credit Account Balance,Credit Account Limit
Nadia,Atiyeh,"February 26 2018","500 W. University Ave El Paso TX 79968",(915) 747-5006,NadiaAtiyeh@disney.com,Atiyeh*Nadia!987,43,1042,584.94,2042,1823.76,3042,-323.05,4228.0
First Name,Last Name,Date of Birth,Address,Phone Number,Email,Password,ID Number,Checking Account Number,Checking Account Balance,Savings Account Number,Savings Account Balance,Credit Account Number,Credit Account Balance,Credit Account Limit
Nicole,Avila,"December 25 1992","500 W. University Ave El Paso TX 79968",(915) 747-5007,NicoleAvila@disney.com,Avila*Nicole!987,44,1043,348.7,2043,2567.4,3043,-1820.42,6189.0
First Name,Last Name,Date of Birth,Address,Phone Number,Email,Password,ID Number,Checking Account Number,Checking Account Balance,Savings Account Number,Savings Account Balance,Credit Account Number,Credit Account Balance,Credit Account Limit
Andrea,Carrera Pio,"July 31 1954","500 W. University Ave El Paso TX 79968",(915) 747-5008,AndreaCarrera Pio@disney.com,Carrera Pio*Andrea!987,45,1044,1272.38,2044,691.02,3044,-78.1,9258.0
First Name,Last Name,Date of Birth,Address,Phone Number,Email,Password,ID Number,Checking Account Number,Checking Account Balance,Savings Account Number,Savings Account Balance,Credit Account Number,Credit Account Balance,Credit Account Limit
Luis,Davila,"June 21 2006","500 W. University Ave El Paso TX 79968",(915) 747-5009,LuisDavila@disney.com,Davila*Luis!987,46,1045,1555.31,2045,1313.18,3045,-234.31,7646.0
First Name,Last Name,Date of Birth,Address,Phone Number,Email,Password,ID Number,Checking Account Number,Checking Account Balance,Savings Account Number,Savings Account Balance,Credit Account Number,Credit Account Balance,Credit Account Limit
Vincent,De La Torre,"November 1 1945","500 W. University Ave El Paso TX 79968",(915) 747-5010,VincentDe La Torre@disney.com,De La Torre*Vincent!987,47,1046,1844.59,2046,4324.82,3046,-1617.2,6138.0
First Name,Last Name,Date of Birth,Address,Phone Number,Email,Password,ID Number,Checking Account Number,Checking Account Balance,Savings Account Number,Savings Account Balance,Credit Account Number,Credit Account Balance,Credit Account Limit
Oswaldo,Escobedo,"May 26 1958","500 W. University Ave El Paso TX 79968",(915) 747-5011,OswaldoEscobedo@disney.com,Escobedo*Oswaldo!987,48,1047,1102.49,2047,2028.97,3047,-1348.07,5237.0
First Name,Last Name,Date of Birth,Address,Phone Number,Email,Password,ID Number,Checking Account Number,Checking Account Balance,Savings Account Number,Savings Account Balance,Credit Account Number,Credit Account Balance,Credit Account Limit
Ivan,Espino,"April 10 2005","500 W. University Ave El Paso TX 79968",(915) 747-5012,IvanEspino@disney.com,Espino*Ivan!987,49,1048,1891.36,2048,3363.78,3048,-86.64,3474.0
First Name,Last Name,Date of Birth,Address,Phone Number,Email,Password,ID Number,Checking Account Number,Checking Account Balance,Savings Account Number,Savings Account Balance,Credit Account Number,Credit Account Balance,Credit Account Limit
Julio,Garcia,"October 21 1951","500 W. University Ave El Paso TX 79968",(915) 747-5013,JulioGarcia@disney.com,Garcia*Julio!987,50,1049,360.56,2049,930.1,3049,-826.42,8142.0
First Name,Last Name,Date of Birth,Address,Phone Number,Email,Password,ID Number,Checking Account Number,Checking Account Balance,Savings Account Number,Savings Account Balance,Credit Account Number,Credit Account Balance,Credit Account Limit
Mauricio,Garcia Tovar,"August 19 1991","500 W. University Ave El Paso TX 79968",(915) 747-5014,MauricioGarcia Tovar@disney.com,Garcia Tovar*Mauricio!987,51,1050,1590.75,2050,1809.13,3050,-641.22,3409.0
First Name,Last Name,Date of Birth,Address,Phone Number,Email,Password,ID Number,Checking Account Number,Checking Account Balance,Savings Account Number,Savings Account Balance,Credit Account Number,Credit Account Balance,Credit Account Limit
Denise,Gomez,"July 10 1961","500 W. University Ave El Paso TX 79968",(915) 747-5015,DeniseGomez@disney.com,Gomez*Denise!987,52,1051,1450.19,2051,2602.43,3051,-409.14,6909.0
First Name,Last Name,Date of Birth,Address,Phone Number,Email,Password,ID Number,Checking Account Number,Checking Account Balance,Savings Account Number,Savings Account Balance,Credit Account Number,Credit Account Balance,Credit Account Limit
Paulie Jo,Gonzalez,"January 13 1951","500 W. University Ave El Paso TX 79968",(915) 747-5016,Paulie JoGonzalez@disney.com,Gonzalez*Paulie Jo!987,53,1052,929.81,2052,132.65,3052,-1981.03,5048.0
First Name,Last Name,Date of Birth,Address,Phone Number,Email,Password,ID Number,Checking Account Number,Checking Account Balance,Savings Account Number,Savings Account Balance,Credit Account Number,Credit Account Balance,Credit Account Limit
Raul,Guerrero,"March 27 1953","500 W. University Ave El Paso TX 79968",(915) 747-5017,RaulGuerrero@disney.com,Guerrero*Raul!987,54,1053,453.48,2053,142.4,3053,-1117.89,3302.0
First Name,Last Name,Date of Birth,Address,Phone Number,Email,Password,ID Number,Checking Account Number,Checking Account Balance,Savings Account Number,Savings Account Balance,Credit Account Number,Credit Account Balance,Credit Account Limit
Matthew,Herrera,"July 1 2004","500 W. University Ave El Paso TX 79968",(915) 747-5018,MatthewHerrera@disney.com,Herrera*Matthew!987,55,1054,1296.02,2054,3007.51,3054,-11.43,8685.0
First Name,Last Name,Date of Birth,Address,Phone Number,Email,Password,ID Number,Checking Account Number,Checking Account Balance,Savings Account Number,Savings Account Balance,Credit Account Number,Credit Account Balance,Credit Account Limit
Ethan,Kish,"October 29 1978","500 W. University Ave El Paso TX 79968",(915) 747-5019,EthanKish@disney.com,Kish*Ethan!987,56,1055,398.59,2055,2378.44,3055,-1811.16,6789.0
First Name,Last Name,Date of Birth,Address,Phone Number,Email,Password,ID Number,Checking Account Number,Checking Account Balance,Savings Account Number,Savings Account Balance,Credit Account Number,Credit Account Balance,Credit Account Limit
Diana,Licon,"April 24 1974","500 W. University Ave El Paso TX 79968",(915) 747-5020,DianaLicon@disney.com,Licon*Diana!987,57,1056,265.8,2056,1117.88,3056,-1007.84,7407.0
First Name,Last Name,Date of Birth,Address,Phone Number,Email,Password,ID Number,Checking Account Number,Checking Account Balance,Savings Account Number,Savings Account Balance,Credit Account Number,Credit Account Balance,Credit Account Limit
Dustyn,Loyda,"March 16 1934","500 W. University Ave El Paso TX 79968",(915) 747-5021,DustynLoyda@disney.com,Loyda*Dustyn!987,58,1057,657.56,2057,3326.55,3057,-1587.18,9554.0
First Name,Last Name,Date of Birth,Address,Phone Number,Email,Password,ID Number,Checking Account Number,Checking Account Balance,Savings Account Number,Savings Account Balance,Credit Account Number,Credit Account Balance,Credit Account Limit
Mario,Macias,"April 1 1961","500 W. University Ave El Paso TX 79968",(915) 747-5022,MarioMacias@disney.com,Macias*Mario!987,59,1058,754.4,2058,3630.09,3058,-955.14,3005.0
First Name,Last Name,Date of Birth,Address,Phone Number,Email,Password,ID Number,Checking Account Number,Checking Account Balance,Savings Account Number,Savings Account Balance,Credit Account Number,Credit Account Balance,Credit Account Limit
Daniel,Moreno,"December 20 1961","500 W. University Ave El Paso TX 79968",(915) 747-5023,DanielMoreno@disney.com,Moreno*Daniel!987,60,1059,1823.22,2059,4957.04,3059,-1572.11,7313.0
First Name,Last Name,Date of Birth,Address,Phone Number,Email,Password,ID Number,Checking Account Number,Checking Account Balance,Savings Account Number,Savings Account Balance,Credit Account Number,Credit Account Balance,Credit Account Limit
Jacob,Moreno,"June 30 1999","500 W. University Ave El Paso TX 79968",(915) 747-5024,JacobMoreno@disney.com,Moreno*Jacob!987,61,1060,666.34,2060,2666.55,3060,-1575.42,6564.0
First Name,Last Name,Date of Birth,Address,Phone Number,Email,Password,ID Number,Checking Account Number,Checking Account Balance,Savings Account Number,Savings Account Balance,Credit Account Number,Credit Account Balance,Credit Account Limit
Kevin,Moreno,"April 26 1943","500 W. University Ave El Paso TX 79968",(915) 747-5025,KevinMoreno@disney.com,Moreno*Kevin!987,62,1061,759.49,2061,778.64,3061,-1368.09,3343.0
First Name,Last Name,Date of Birth,Address,Phone Number,Email,Password,ID Number,Checking Account Number,Checking Account Balance,Savings Account Number,Savings Account Balance,Credit Account Number,Credit Account Balance,Credit Account Limit
Leonardo,Munoz,"June 27 2007","500 W. University Ave El Paso TX 79968",(915) 747-5026,LeonardoMunoz@disney.com,Munoz*Leonardo!987,63,1062,908.75,2062,4420.49,3062,-533.12,5640.0
First Name,Last Name,Date of Birth,Address,Phone Number,Email,Password,ID Number,Checking Account Number,Checking Account Balance,Savings Account Number,Savings Account Balance,Credit Account Number,Credit Account Balance,Credit Account Limit
Francisco,Nolasco,"March 13 1964","500 W. University Ave El Paso TX 79968",(915) 747-5027,FranciscoNolasco@disney.com,Nolasco*Francisco!987,64,1063,1411.26,2063,2541.34,3063,-1185.6,4194.0
First Name,Last Name,Date of Birth,Address,Phone Number,Email,Password,ID Number,Checking Account Number,Checking Account Balance,Savings Account Number,Savings Account Balance,Credit Account Number,Credit Account Balance,Credit Account Limit
Roberto,Orozco,"April 26 1972","500 W. University Ave El Paso TX 79968",(915) 747-5028,RobertoOrozco@disney.com,Orozco*Roberto!987,65,1064,689.39,2064,3290.74,3064,-50.88,7473.0
First Name,Last Name,Date of Birth,Address,Phone Number,Email,Password,ID Number,Checking Account Number,Checking Account Balance,Savings Account Number,Savings Account Balance,Credit Account Number,Credit Account Balance,Credit Account Limit
Elijah,Pele,"May 29 1947","500 W. University Ave El Paso TX 79968",(915) 747-5029,ElijahPele@disney.com,Pele*Elijah!987,66,1065,773.6,2065,2752.83,3065,-1608.52,6368.0
First Name,Last Name,Date of Birth,Address,Phone Number,Email,Password,ID Number,Checking Account Number,Checking Account Balance,Savings Account Number,Savings Account Balance,Credit Account Number,Credit Account Balance,Credit Account Limit
Omar,Perez,"June 12 2009","500 W. University Ave El Paso TX 79968",(915) 747-5030,OmarPerez@disney.com,Perez*Omar!987,67,1066,614.78,2066,2653.38,3066,-53.47,9265.0
First Name,Last Name,Date of Birth,Address,Phone Number,Email,Password,ID Number,Checking Account Number,Checking Account Balance,Savings Account Number,Savings Account Balance,Credit Account Number,Credit Account Balance,Credit Account Limit
Diego,Quinones Rodriguez,"November 11 2012","500 W. University Ave El Paso TX 79968",(915) 747-5031,DiegoQuinones Rodriguez@disney.com,Quinones Rodriguez*Diego!987,68,1067,1104.07,2067,4363.73,3067,-468.82,7006.0
First Name,Last Name,Date of Birth,Address,Phone Number,Email,Password,ID Number,Checking Account Number,Checking Account Balance,Savings Account Number,Savings Account Balance,Credit Account Number,Credit Account Balance,Credit Account Limit
Juan,Rabelo,"December 13 1928","500 W. University Ave El Paso TX 79968",(915) 747-5032,JuanRabelo@disney.com,Rabelo*Juan!987,69,1068,1241.95,2068,4711.52,3068,-1726.67,5187.0
First Name,Last Name,Date of Birth,Address,Phone Number,Email,Password,ID Number,Checking Account Number,Checking Account Balance,Savings Account Number,Savings Account Balance,Credit Account Number,Credit Account Balance,Credit Account Limit
Angel,Ramos,"November 28 1988","500 W. University Ave El Paso TX 79968",(915) 747-5033,AngelRamos@disney.com,Ramos*Angel!987,70,1069,1058.4,2069,4616.47,3069,-1751.7,8973.0
First Name,Last Name,Date of Birth,Address,Phone Number,Email,Password,ID Number,Checking Account Number,Checking Account Balance,Savings Account Number,Savings Account Balance,Credit Account Number,Credit Account Balance,Credit Account Limit
Efrain,Retana,"January 14 1937","500 W. University Ave El Paso TX 79968",(915) 747-5034,EfrainRetana@disney.com,Retana*Efrain!987,71,1070,1571.15,2070,2261.34,3070,-1457.16,9237.0
First Name,Last Name,Date of Birth,Address,Phone Number,Email,Password,ID Number,Checking Account Number,Checking Account Balance,Savings Account Number,Savings Account Balance,Credit Account Number,Credit Account Balance,Credit Account Limit
Hector,Richart Ruiz,"March 8 1933","500 W. University Ave El Paso TX 79968",(915) 747-5035,HectorRichart Ruiz@disney.com,Richart Ruiz*Hector!987,72,1071,210.67,2071,4749.24,3071,-1313.9,5001.0
First Name,Last Name,Date of Birth,Address,Phone Number,Email,Password,ID Number,Checking Account Number,Checking Account Balance,Savings Account Number,Savings Account Balance,Credit Account Number,Credit Account Balance,Credit Account Limit
Andrew,Rodriguez,"November 6 1952","500 W. University Ave El Paso TX 79968",(915) 747-5036,AndrewRodriguez@disney.com,Rodriguez*Andrew!987,73,1072,1808.89,2072,2626.11,3072,-1946.16,8140.0
First Name,Last Name,Date of Birth,Address,Phone Number,Email,Password,ID Number,Checking Account Number,Checking Account Balance,Savings Account Number,Savings Account Balance,Credit Account Number,Credit Account Balance,Credit Account Limit
Joel,Salas,"May 12 1930","500 W. University Ave El Paso TX 79968",(915) 747-5037,JoelSalas@disney.com,Salas*Joel!987,74,1073,507.76,2073,3454.53,3073,-1374.22,5725.0
First Name,Last Name,Date of Birth,Address,Phone Number,Email,Password,ID Number,Checking Account Number,Checking Account Balance,Savings Account Number,Savings Account Balance,Credit Account Number,Credit Account Balance,Credit Account Limit
David,Sanchez,"November 11 2012","500 W. University Ave El Paso TX 79968",(915) 747-5038,DavidSanchez@disney.com,Sanchez*David!987,75,1074,1393.88,2074,76.74,3074,-120.17,3477.0
First Name,Last Name,Date of Birth,Address,Phone Number,Email,Password,ID Number,Checking Account Number,Checking Account Balance,Savings Account Number,Savings Account Balance,Credit Account Number,Credit Account Balance,Credit Account Limit
Jose,Sanchez Jr,"October 23 1987","500 W. University Ave El Paso TX 79968",(915) 747-5039,JoseSanchez Jr@disney.com,Sanchez Jr*Jose!987,76,1075,1096.4,2075,1655.66,3075,-1574.9,8338.0
First Name,Last Name,Date of Birth,Address,Phone Number,Email,Password,ID Number,Checking Account Number,Checking Account Balance,Savings Account Number,Savings Account Balance,Credit Account Number,Credit Account Balance,Credit Account Limit
Madison,Schlosser,"October 4 2010","500 W. University Ave El Paso TX 79968",(915) 747-5040,MadisonSchlosser@disney.com,Schlosser*Madison!987,77,1076,969.22,2076,2195.18,3076,-1476.61,6558.0
First Name,Last Name,Date of Birth,Address,Phone Number,Email,Password,ID Number,Checking Account Number,Checking Account Balance,Savings Account Number,Savings Account Balance,Credit Account Number,Credit Account Balance,Credit Account Limit
Dillon,Trinh,"February 13 1942","500 W. University Ave El Paso TX 79968",(915) 747-5041,DillonTrinh@disney.com,Trinh*Dillon!987,78,1077,1797.75,2077,2444.78,3077,-455.21,8114.0
First Name,Last Name,Date of Birth,Address,Phone Number,Email,Password,ID Number,Checking Account Number,Checking Account Balance,Savings Account Number,Savings Account Balance,Credit Account Number,Credit Account Balance,Credit Account Limit
Stephanie,Valdez,"January 4 1970","500 W. University Ave El Paso TX 79968",(915) 747-5042,StephanieValdez@disney.com,Valdez*Stephanie!987,79,1078,1834.72,2078,4985.91,3078,-1674.69,5877.0
First Name,Last Name,Date of Birth,Address,Phone Number,Email,Password,ID Number,Checking Account Number,Checking Account Balance,Savings Account Number,Savings Account Balance,Credit Account Number,Credit Account Balance,Credit Account Limit
Daniel,S,"October 19 1998","500 W. University Ave El Paso TX 79968",(915) 747-5063,DanielS@disney.com,S*Daniel!987,100,1099,1775.98,2099,4281.39,3099,-1784.33,6920.0
First Name,Last Name,Date of Birth,Address,Phone Number,Email,Password,ID Number,Checking Account Number,Checking Account Balance,Savings Account Number,Savings Account Balance,Credit Account Number,Credit Account Balance,Credit Account Limit
Daniel,T,"November 29 2018","500 W. University Ave El Paso TX 79968",(915) 747-5064,DanielT@disney.com,T*Daniel!987,101,1100,1442.14,2100,374.68,3100,-583.94,5831.0
First Name,Last Name,Date of Birth,Address,Phone Number,Email,Password,ID Number,Checking Account Number,Checking Account Balance,Savings Account Number,Savings Account Balance,Credit Account Number,Credit Account Balance,Credit Account Limit
Daniel,U,"December 1 1981","500 W. University Ave El Paso TX 79968",(915) 747-5065,DanielU@disney.com,U*Daniel!987,102,1101,1483.83,2101,4355.1,3101,-925.95,3157.0
First Name,Last Name,Date of Birth,Address,Phone Number,Email,Password,ID Number,Checking Account Number,Checking Account Balance,Savings Account Number,Savings Account Balance,Credit Account Number,Credit Account Balance,Credit Account Limit
Daniel,V,"February 21 1954","500 W. University Ave El Paso TX 79968",(915) 747-5066,DanielV@disney.com,V*Daniel!987,103,1102,193.23,2102,1744.25,3102,-1596.96,6163.0
First Name,Last Name,Date of Birth,Address,Phone Number,Email,Password,ID Number,Checking Account Number,Checking Account Balance,Savings Account Number,Savings Account Balance,Credit Account Number,Credit Account Balance,Credit Account Limit
Daniel,W,"October 26 2008","500 W. University Ave El Paso TX 79968",(915) 747-5067,DanielW@disney.com,W*Daniel!987,104,1103,1680.06,2103,4459.07,3103,-1145.2,7074.0
First Name,Last Name,Date of Birth,Address,Phone Number,Email,Password,ID Number,Checking Account Number,Checking Account Balance,Savings Account Number,Savings Account Balance,Credit Account Number,Credit Account Balance,Credit Account Limit
Daniel,X,"June 4 1944","500 W. University Ave El Paso TX 79968",(915) 747-5068,DanielX@disney.com,X*Daniel!987,105,1104,312.23,2104,1292.18,3104,-916.32,6341.0
First Name,Last Name,Date of Birth,Address,Phone Number,Email,Password,ID Number,Checking Account Number,Checking Account Balance,Savings Account Number,Savings Account Balance,Credit Account Number,Credit Account Balance,Credit Account Limit
Daniel,Y,"November 26 1948","500 W. University Ave El Paso TX 79968",(915) 747-5069,DanielY@disney.com,Y*Daniel!987,106,1105,16.42,2105,1534.36,3105,-1503.04,4465.0
First Name,Last Name,Date of Birth,Address,Phone Number,Email,Password,ID Number,Checking Account Number,Checking Account Balance,Savings Account Number,Savings Account Balance,Credit Account Number,Credit Account Balance,Credit Account Limit
Daniel,Z,"May 21 1984","500 W. University Ave El Paso TX 79968",(915) 747-5070,DanielZ@disney.com,Z*Daniel!987,107,1106,555.83,2106,1573.56,3106,-690.04,6931.0
First Name,Last Name,Date of Birth,Address,Phone Number,Email,Password,ID Number,Checking Account Number,Checking Account Balance,Savings Account Number,Savings Account Balance,Credit Account Number,Credit Account Balance,Credit Account Limit
Nathan,Aun,"December 20 1990","500 W. University Ave El Paso TX 79968",(915) 747-5043,NathanAun@disney.com,Aun*Nathan!987,80,1079,1568.62,2079,3868.27,3079,-176.58,3214.0
First Name,Last Name,Date of Birth,Address,Phone Number,Email,Password,ID Number,Checking Account Number,Checking Account Balance,Savings Account Number,Savings Account Balance,Credit Account Number,Credit Account Balance,Credit Account Limit
Khandoker,Rahad,"December 27 2001","500 W. University Ave El Paso TX 79968",(915) 747-5044,KhandokerRahad@disney.com,Rahad*Khandoker!987,81,1080,444.86,2080,3369.92,3080,-1108.67,8278.0
First Name,Last Name,Date of Birth,Address,Phone Number,Email,Password,ID Number,Checking Account Number,Checking Account Balance,Savings Account Number,Savings Account Balance,Credit Account Number,Credit Account Balance,Credit Account Limit
Daniel,Mejia,"January 29 1937","500 W. University Ave El Paso TX 79968",(915) 747-5045,DanielMejia@disney.com,Mejia*Daniel!987,82,1081,267.51,2081,739.28,3081,-1314.82,6819.0
First Name,Last Name,Date of Birth,Address,Phone Number,Email,Password,ID Number,Checking Account Number,Checking Account Balance,Savings Account Number,Savings Account Balance,Credit Account Number,Credit Account Balance,Credit Account Limit
Daniel,A,"October 6 1935","500 W. University Ave El Paso TX 79968",(915) 747-5046,DanielA@disney.com,A*Daniel!987,83,1082,1608.95,2082,472.62,3082,-597.02,9664.0
First Name,Last Name,Date of Birth,Address,Phone Number,Email,Password,ID Number,Checking Account Number,Checking Account Balance,Savings Account Number,Savings Account Balance,Credit Account Number,Credit Account Balance,Credit Account Limit
Daniel,B,"December 19 1967","500 W. University Ave El Paso TX 79968",(915) 747-5047,DanielB@disney.com,B*Daniel!987,84,1083,1248.1,2083,25.43,3083,-949.66,5713.0
First Name,Last Name,Date of Birth,Address,Phone Number,Email,Password,ID Number,Checking Account Number,Checking Account Balance,Savings Account Number,Savings Account Balance,Credit Account Number,Credit Account Balance,Credit Account Limit
Daniel,C,"March 26 1947","500 W. University Ave El Paso TX 79968",(915) 747-5048,DanielC@disney.com,C*Daniel!987,85,1084,506.49,2084,585.08,3084,-177.66,4918.0
First Name,Last Name,Date of Birth,Address,Phone Number,Email,Password,ID Number,Checking Account Number,Checking Account Balance,Savings Account Number,Savings Account Balance,Credit Account Number,Credit Account Balance,Credit Account Limit
Daniel,D,"July 27 1936","500 W. University Ave El Paso TX 79968",(915) 747-5049,DanielD@disney.com,D*Daniel!987,86,1085,1312.9,2085,1923.71,3085,-1954.86,9372.0
First Name,Last Name,Date of Birth,Address,Phone Number,Email,Password,ID Number,Checking Account Number,Checking Account Balance,Savings Account Number,Savings Account Balance,Credit Account Number,Credit Account Balance,Credit Account Limit
Daniel,E,"March 30 1934","500 W. University Ave El Paso TX 79968",(915) 747-5050,DanielE@disney.com,E*Daniel!987,87,1086,411.84,2086,1367.9,3086,-1341.59,6623.0
